timestamp,name,total_mib,used_mib,util_percent
2026/08/13 22:05:50.410, NVIDIA GeForce RTX 5090, 32607, 0, 0
2026/08/13 22:05:51.499, NVIDIA GeForce RTX 5090, 32607, 0, 0
2026/08/13 22:05:52.599, NVIDIA GeForce RTX 5090, 32607, 0, 0
2026/08/13 22:05:53.700, NVIDIA GeForce RTX 5090, 32607, 0, 0
2026/08/13 22:05:54.785, NVIDIA GeForce RTX 5090, 32607, 0, 0
2026/08/13 22:05:55.847, NVIDIA GeForce RTX 5090, 32607, 0, 0
2026/08/13 22:05:56.933, NVIDIA GeForce RTX 5090, 32607, 0, 0
2026/08/13 22:05:57.991, NVIDIA GeForce RTX 5090, 32607, 3, 0
2026/08/13 22:05:59.171, NVIDIA GeForce RTX 5090, 32607, 3, 0
2026/08/13 22:06:00.369, NVIDIA GeForce RTX 5090, 32607, 3, 0
2026/08/13 22:06:01.505, NVIDIA GeForce RTX 5090, 32607, 3, 0
2026/08/13 22:06:02.768, NVIDIA GeForce RTX 5090, 32607, 3, 0
2026/08/13 22:06:03.994, NVIDIA GeForce RTX 5090, 32607, 3, 0
2026/08/13 22:06:05.271, NVIDIA GeForce RTX 5090, 32607, 3, 0
2026/08/13 22:06:06.442, NVIDIA GeForce RTX 5090, 32607, 3, 0
2026/08/13 22:06:07.577, NVIDIA GeForce RTX 5090, 32607, 3, 0
2026/08/13 22:06:08.701, NVIDIA GeForce RTX 5090, 32607, 3, 0
2026/08/13 22:06:09.798, NVIDIA GeForce RTX 5090, 32607, 3, 0
2026/08/13 22:06:10.896, NVIDIA GeForce RTX 5090, 32607, 3, 0
2026/08/13 22:06:12.003, NVIDIA GeForce RTX 5090, 32607, 3, 0
2026/08/13 22:06:13.101, NVIDIA GeForce RTX 5090, 32607, 3, 0
2026/08/13 22:06:14.246, NVIDIA GeForce RTX 5090, 32607, 3, 0
2026/08/13 22:06:15.340, NVIDIA GeForce RTX 5090, 32607, 3, 0
2026/08/13 22:06:16.465, NVIDIA GeForce RTX 5090, 32607, 3, 0
2026/08/13 22:06:17.600, NVIDIA GeForce RTX 5090, 32607, 3, 0
2026/08/13 22:06:18.718, NVIDIA GeForce RTX 5090, 32607, 3, 0
2026/08/13 22:06:19.808, NVIDIA GeForce RTX 5090, 32607, 3, 0
2026/08/13 22:06:20.897, NVIDIA GeForce RTX 5090, 32607, 3, 0
2026/08/13 22:06:21.990, NVIDIA GeForce RTX 5090, 32607, 3, 0
2026/08/13 22:06:23.129, NVIDIA GeForce RTX 5090, 32607, 3, 0
2026/08/13 22:06:24.211, NVIDIA GeForce RTX 5090, 32607, 3, 0
2026/08/13 22:06:25.280, NVIDIA GeForce RTX 5090, 32607, 3, 0
2026/08/13 22:06:26.394, NVIDIA GeForce RTX 5090, 32607, 3, 0
2026/08/13 22:06:27.485, NVIDIA GeForce RTX 5090, 32607, 3, 0
2026/08/13 22:06:28.619, NVIDIA GeForce RTX 5090, 32607, 3, 0
2026/08/13 22:06:29.709, NVIDIA GeForce RTX 5090, 32607, 3, 0
2026/08/13 22:06:30.801, NVIDIA GeForce RTX 5090, 32607, 3, 0
2026/08/13 22:06:31.914, NVIDIA GeForce RTX 5090, 32607, 3, 0
2026/08/13 22:06:33.042, NVIDIA GeForce RTX 5090, 32607, 3, 0
2026/08/13 22:06:34.174, NVIDIA GeForce RTX 5090, 32607, 3, 0
2026/08/13 22:06:35.366, NVIDIA GeForce RTX 5090, 32607, 3, 0
2026/08/13 22:06:36.575, NVIDIA GeForce RTX 5090, 32607, 3, 0
2026/08/13 22:06:37.764, NVIDIA GeForce RTX 5090, 32607, 3, 0
2026/08/13 22:06:38.991, NVIDIA GeForce RTX 5090, 32607, 3, 0
2026/08/13 22:06:40.175, NVIDIA GeForce RTX 5090, 32607, 3, 0
2026/08/13 22:06:41.466, NVIDIA GeForce RTX 5090, 32607, 3, 0
2026/08/13 22:06:42.605, NVIDIA GeForce RTX 5090, 32607, 3, 0
2026/08/13 22:06:43.714, NVIDIA GeForce RTX 5090, 32607, 3, 0
2026/08/13 22:06:44.804, NVIDIA GeForce RTX 5090, 32607, 3, 0
2026/08/13 22:06:45.914, NVIDIA GeForce RTX 5090, 32607, 3, 0
2026/08/13 22:06:47.047, NVIDIA GeForce RTX 5090, 32607, 3, 0
2026/08/13 22:06:48.158, NVIDIA GeForce RTX 5090, 32607, 3, 0
2026/08/13 22:06:49.275, NVIDIA GeForce RTX 5090, 32607, 3, 0
2026/08/13 22:06:50.409, NVIDIA GeForce RTX 5090, 32607, 3, 0
2026/08/13 22:06:51.534, NVIDIA GeForce RTX 5090, 32607, 3, 0
2026/08/13 22:06:52.665, NVIDIA GeForce RTX 5090, 32607, 3, 0
2026/08/13 22:06:53.752, NVIDIA GeForce RTX 5090, 32607, 3, 0
2026/08/13 22:06:54.870, NVIDIA GeForce RTX 5090, 32607, 3, 0
2026/08/13 22:06:55.965, NVIDIA GeForce RTX 5090, 32607, 3, 0
2026/08/13 22:06:57.056, NVIDIA GeForce RTX 5090, 32607, 3, 0
2026/08/13 22:06:58.152, NVIDIA GeForce RTX 5090, 32607, 3, 0
2026/08/13 22:06:59.248, NVIDIA GeForce RTX 5090, 32607, 3, 0
2026/08/13 22:07:00.389, NVIDIA GeForce RTX 5090, 32607, 3, 0
2026/08/13 22:07:01.524, NVIDIA GeForce RTX 5090, 32607, 3, 0
2026/08/13 22:07:02.608, NVIDIA GeForce RTX 5090, 32607, 3, 0
2026/08/13 22:07:03.742, NVIDIA GeForce RTX 5090, 32607, 3, 0
2026/08/13 22:07:04.849, NVIDIA GeForce RTX 5090, 32607, 3, 0
2026/08/13 22:07:05.941, NVIDIA GeForce RTX 5090, 32607, 3, 0
2026/08/13 22:07:07.051, NVIDIA GeForce RTX 5090, 32607, 3, 0
2026/08/13 22:07:08.170, NVIDIA GeForce RTX 5090, 32607, 3, 0
2026/08/13 22:07:09.302, NVIDIA GeForce RTX 5090, 32607, 3, 0
2026/08/13 22:07:10.393, NVIDIA GeForce RTX 5090, 32607, 3, 0
2026/08/13 22:07:11.497, NVIDIA GeForce RTX 5090, 32607, 3, 0
2026/08/13 22:07:12.611, NVIDIA GeForce RTX 5090, 32607, 3, 0
2026/08/13 22:07:13.749, NVIDIA GeForce RTX 5090, 32607, 3, 0
2026/08/13 22:07:14.885, NVIDIA GeForce RTX 5090, 32607, 3, 0
2026/08/13 22:07:15.997, NVIDIA GeForce RTX 5090, 32607, 3, 0
2026/08/13 22:07:17.134, NVIDIA GeForce RTX 5090, 32607, 3, 0
2026/08/13 22:07:18.254, NVIDIA GeForce RTX 5090, 32607, 3, 0
2026/08/13 22:07:19.345, NVIDIA GeForce RTX 5090, 32607, 3, 0
2026/08/13 22:07:20.450, NVIDIA GeForce RTX 5090, 32607, 3, 0
2026/08/13 22:07:21.582, NVIDIA GeForce RTX 5090, 32607, 3, 0
2026/08/13 22:07:22.766, NVIDIA GeForce RTX 5090, 32607, 3, 0
2026/08/13 22:07:23.923, NVIDIA GeForce RTX 5090, 32607, 3, 0
2026/08/13 22:07:25.091, NVIDIA GeForce RTX 5090, 32607, 3, 0
2026/08/13 22:07:26.267, NVIDIA GeForce RTX 5090, 32607, 3, 0
2026/08/13 22:07:27.377, NVIDIA GeForce RTX 5090, 32607, 3, 0
2026/08/13 22:07:28.508, NVIDIA GeForce RTX 5090, 32607, 3, 0
2026/08/13 22:07:29.617, NVIDIA GeForce RTX 5090, 32607, 3, 0
2026/08/13 22:07:30.741, NVIDIA GeForce RTX 5090, 32607, 3, 0
2026/08/13 22:07:31.878, NVIDIA GeForce RTX 5090, 32607, 3, 0
2026/08/13 22:07:33.010, NVIDIA GeForce RTX 5090, 32607, 3, 0
2026/08/13 22:07:34.122, NVIDIA GeForce RTX 5090, 32607, 3, 0
2026/08/13 22:07:35.229, NVIDIA GeForce RTX 5090, 32607, 3, 0
2026/08/13 22:07:36.338, NVIDIA GeForce RTX 5090, 32607, 3, 0
2026/08/13 22:07:37.473, NVIDIA GeForce RTX 5090, 32607, 3, 0
2026/08/13 22:07:38.605, NVIDIA GeForce RTX 5090, 32607, 3, 0
2026/08/13 22:07:39.739, NVIDIA GeForce RTX 5090, 32607, 3, 0
2026/08/13 22:07:40.853, NVIDIA GeForce RTX 5090, 32607, 3, 0
2026/08/13 22:07:41.944, NVIDIA GeForce RTX 5090, 32607, 3, 0
2026/08/13 22:07:43.054, NVIDIA GeForce RTX 5090, 32607, 3, 0
2026/08/13 22:07:44.194, NVIDIA GeForce RTX 5090, 32607, 3, 0
2026/08/13 22:07:45.321, NVIDIA GeForce RTX 5090, 32607, 3, 0
2026/08/13 22:07:46.454, NVIDIA GeForce RTX 5090, 32607, 3, 0
2026/08/13 22:07:47.590, NVIDIA GeForce RTX 5090, 32607, 3, 0
2026/08/13 22:07:48.717, NVIDIA GeForce RTX 5090, 32607, 3, 0
2026/08/13 22:07:49.808, NVIDIA GeForce RTX 5090, 32607, 3, 0
2026/08/13 22:07:50.967, NVIDIA GeForce RTX 5090, 32607, 3, 0
2026/08/13 22:07:52.268, NVIDIA GeForce RTX 5090, 32607, 3, 0
2026/08/13 22:07:53.568, NVIDIA GeForce RTX 5090, 32607, 3, 0
2026/08/13 22:07:54.965, NVIDIA GeForce RTX 5090, 32607, 3, 0
2026/08/13 22:07:56.458, NVIDIA GeForce RTX 5090, 32607, 3, 0
2026/08/13 22:07:57.769, NVIDIA GeForce RTX 5090, 32607, 3, 0
2026/08/13 22:07:59.070, NVIDIA GeForce RTX 5090, 32607, 3, 0
2026/08/13 22:08:00.449, NVIDIA GeForce RTX 5090, 32607, 3, 0
2026/08/13 22:08:01.628, NVIDIA GeForce RTX 5090, 32607, 2315, 5
2026/08/13 22:08:02.732, NVIDIA GeForce RTX 5090, 32607, 5197, 5
2026/08/13 22:08:03.836, NVIDIA GeForce RTX 5090, 32607, 7423, 3
2026/08/13 22:08:04.987, NVIDIA GeForce RTX 5090, 32607, 9657, 0
2026/08/13 22:08:06.092, NVIDIA GeForce RTX 5090, 32607, 9657, 11
2026/08/13 22:08:07.174, NVIDIA GeForce RTX 5090, 32607, 9657, 0
2026/08/13 22:08:08.269, NVIDIA GeForce RTX 5090, 32607, 9657, 0
2026/08/13 22:08:09.331, NVIDIA GeForce RTX 5090, 32607, 9657, 0
2026/08/13 22:08:10.408, NVIDIA GeForce RTX 5090, 32607, 9657, 0
2026/08/13 22:08:11.668, NVIDIA GeForce RTX 5090, 32607, 10324, 0
2026/08/13 22:08:12.730, NVIDIA GeForce RTX 5090, 32607, 10356, 0
2026/08/13 22:08:13.828, NVIDIA GeForce RTX 5090, 32607, 10356, 0
2026/08/13 22:08:14.883, NVIDIA GeForce RTX 5090, 32607, 10356, 0
2026/08/13 22:08:15.938, NVIDIA GeForce RTX 5090, 32607, 10388, 0
2026/08/13 22:08:16.969, NVIDIA GeForce RTX 5090, 32607, 10444, 1
2026/08/13 22:08:18.024, NVIDIA GeForce RTX 5090, 32607, 10359, 1
2026/08/13 22:08:19.080, NVIDIA GeForce RTX 5090, 32607, 10423, 1
2026/08/13 22:08:20.114, NVIDIA GeForce RTX 5090, 32607, 12260, 0
2026/08/13 22:08:21.192, NVIDIA GeForce RTX 5090, 32607, 12268, 0
2026/08/13 22:08:22.288, NVIDIA GeForce RTX 5090, 32607, 12268, 0
2026/08/13 22:08:23.342, NVIDIA GeForce RTX 5090, 32607, 12268, 0
2026/08/13 22:08:24.400, NVIDIA GeForce RTX 5090, 32607, 12284, 0
2026/08/13 22:08:25.457, NVIDIA GeForce RTX 5090, 32607, 12358, 8
2026/08/13 22:08:26.490, NVIDIA GeForce RTX 5090, 32607, 12547, 13
2026/08/13 22:08:27.527, NVIDIA GeForce RTX 5090, 32607, 12547, 4
2026/08/13 22:08:28.565, NVIDIA GeForce RTX 5090, 32607, 12675, 0
2026/08/13 22:08:29.644, NVIDIA GeForce RTX 5090, 32607, 12955, 10
2026/08/13 22:08:30.687, NVIDIA GeForce RTX 5090, 32607, 12951, 9
2026/08/13 22:08:31.724, NVIDIA GeForce RTX 5090, 32607, 12951, 34
2026/08/13 22:08:32.786, NVIDIA GeForce RTX 5090, 32607, 12951, 9
2026/08/13 22:08:33.844, NVIDIA GeForce RTX 5090, 32607, 12951, 14
2026/08/13 22:08:34.899, NVIDIA GeForce RTX 5090, 32607, 12951, 9
2026/08/13 22:08:35.935, NVIDIA GeForce RTX 5090, 32607, 12951, 9
2026/08/13 22:08:37.013, NVIDIA GeForce RTX 5090, 32607, 12951, 5
2026/08/13 22:08:38.051, NVIDIA GeForce RTX 5090, 32607, 12951, 9
2026/08/13 22:08:39.088, NVIDIA GeForce RTX 5090, 32607, 12951, 19
2026/08/13 22:08:40.143, NVIDIA GeForce RTX 5090, 32607, 12951, 9
2026/08/13 22:08:41.179, NVIDIA GeForce RTX 5090, 32607, 12951, 9
2026/08/13 22:08:42.236, NVIDIA GeForce RTX 5090, 32607, 12951, 9
2026/08/13 22:08:43.297, NVIDIA GeForce RTX 5090, 32607, 12951, 9
2026/08/13 22:08:44.368, NVIDIA GeForce RTX 5090, 32607, 12954, 5
2026/08/13 22:08:45.405, NVIDIA GeForce RTX 5090, 32607, 12951, 9
2026/08/13 22:08:46.458, NVIDIA GeForce RTX 5090, 32607, 12951, 48
2026/08/13 22:08:47.496, NVIDIA GeForce RTX 5090, 32607, 12951, 9
2026/08/13 22:08:48.534, NVIDIA GeForce RTX 5090, 32607, 12951, 9
2026/08/13 22:08:49.574, NVIDIA GeForce RTX 5090, 32607, 12951, 10
2026/08/13 22:08:50.611, NVIDIA GeForce RTX 5090, 32607, 12951, 9
2026/08/13 22:08:51.647, NVIDIA GeForce RTX 5090, 32607, 12951, 68
2026/08/13 22:08:52.744, NVIDIA GeForce RTX 5090, 32607, 12951, 9
2026/08/13 22:08:53.781, NVIDIA GeForce RTX 5090, 32607, 12951, 29
2026/08/13 22:08:54.853, NVIDIA GeForce RTX 5090, 32607, 12951, 10
2026/08/13 22:08:55.914, NVIDIA GeForce RTX 5090, 32607, 12951, 9
2026/08/13 22:08:56.951, NVIDIA GeForce RTX 5090, 32607, 12951, 10
2026/08/13 22:08:57.979, NVIDIA GeForce RTX 5090, 32607, 12951, 9
2026/08/13 22:08:59.015, NVIDIA GeForce RTX 5090, 32607, 12951, 45
2026/08/13 22:09:00.057, NVIDIA GeForce RTX 5090, 32607, 12951, 9
2026/08/13 22:09:01.165, NVIDIA GeForce RTX 5090, 32607, 12951, 22
2026/08/13 22:09:02.221, NVIDIA GeForce RTX 5090, 32607, 12951, 11
2026/08/13 22:09:03.257, NVIDIA GeForce RTX 5090, 32607, 12951, 9
2026/08/13 22:09:04.292, NVIDIA GeForce RTX 5090, 32607, 12951, 6
2026/08/13 22:09:05.328, NVIDIA GeForce RTX 5090, 32607, 12951, 18
2026/08/13 22:09:06.387, NVIDIA GeForce RTX 5090, 32607, 12951, 28
2026/08/13 22:09:07.423, NVIDIA GeForce RTX 5090, 32607, 12951, 9
2026/08/13 22:09:08.521, NVIDIA GeForce RTX 5090, 32607, 12951, 9
2026/08/13 22:09:09.561, NVIDIA GeForce RTX 5090, 32607, 12951, 9
2026/08/13 22:09:10.633, NVIDIA GeForce RTX 5090, 32607, 12951, 9
2026/08/13 22:09:11.694, NVIDIA GeForce RTX 5090, 32607, 12952, 0
2026/08/13 22:09:12.768, NVIDIA GeForce RTX 5090, 32607, 12951, 9
2026/08/13 22:09:13.827, NVIDIA GeForce RTX 5090, 32607, 12951, 12
2026/08/13 22:09:14.935, NVIDIA GeForce RTX 5090, 32607, 12951, 13
2026/08/13 22:09:16.002, NVIDIA GeForce RTX 5090, 32607, 12951, 9
2026/08/13 22:09:17.056, NVIDIA GeForce RTX 5090, 32607, 12951, 10
2026/08/13 22:09:18.119, NVIDIA GeForce RTX 5090, 32607, 12951, 9
2026/08/13 22:09:19.148, NVIDIA GeForce RTX 5090, 32607, 12954, 0
2026/08/13 22:09:20.217, NVIDIA GeForce RTX 5090, 32607, 12951, 9
2026/08/13 22:09:21.255, NVIDIA GeForce RTX 5090, 32607, 12951, 5
2026/08/13 22:09:22.313, NVIDIA GeForce RTX 5090, 32607, 12951, 9
2026/08/13 22:09:23.421, NVIDIA GeForce RTX 5090, 32607, 12951, 14
2026/08/13 22:09:24.483, NVIDIA GeForce RTX 5090, 32607, 12951, 9
2026/08/13 22:09:25.560, NVIDIA GeForce RTX 5090, 32607, 12951, 9
2026/08/13 22:09:26.645, NVIDIA GeForce RTX 5090, 32607, 12954, 7
2026/08/13 22:09:27.703, NVIDIA GeForce RTX 5090, 32607, 12951, 10
2026/08/13 22:09:28.764, NVIDIA GeForce RTX 5090, 32607, 12951, 14
2026/08/13 22:09:29.805, NVIDIA GeForce RTX 5090, 32607, 12951, 12
2026/08/13 22:09:30.842, NVIDIA GeForce RTX 5090, 32607, 12951, 9
2026/08/13 22:09:31.901, NVIDIA GeForce RTX 5090, 32607, 12951, 6
2026/08/13 22:09:32.997, NVIDIA GeForce RTX 5090, 32607, 12951, 9
2026/08/13 22:09:34.035, NVIDIA GeForce RTX 5090, 32607, 12951, 32
2026/08/13 22:09:35.122, NVIDIA GeForce RTX 5090, 32607, 12951, 9
2026/08/13 22:09:36.175, NVIDIA GeForce RTX 5090, 32607, 12952, 20
2026/08/13 22:09:37.215, NVIDIA GeForce RTX 5090, 32607, 12951, 9
2026/08/13 22:09:38.273, NVIDIA GeForce RTX 5090, 32607, 12951, 9
2026/08/13 22:09:39.311, NVIDIA GeForce RTX 5090, 32607, 12951, 35
2026/08/13 22:09:40.348, NVIDIA GeForce RTX 5090, 32607, 12951, 18
2026/08/13 22:09:41.449, NVIDIA GeForce RTX 5090, 32607, 12951, 15
2026/08/13 22:09:42.549, NVIDIA GeForce RTX 5090, 32607, 12951, 9
2026/08/13 22:09:43.625, NVIDIA GeForce RTX 5090, 32607, 12951, 9
2026/08/13 22:09:44.684, NVIDIA GeForce RTX 5090, 32607, 12951, 9
2026/08/13 22:09:45.757, NVIDIA GeForce RTX 5090, 32607, 12951, 12
2026/08/13 22:09:46.796, NVIDIA GeForce RTX 5090, 32607, 12953, 0
2026/08/13 22:09:47.834, NVIDIA GeForce RTX 5090, 32607, 12951, 14
2026/08/13 22:09:48.890, NVIDIA GeForce RTX 5090, 32607, 12951, 0
2026/08/13 22:09:49.970, NVIDIA GeForce RTX 5090, 32607, 12951, 9
2026/08/13 22:09:51.045, NVIDIA GeForce RTX 5090, 32607, 12951, 9
2026/08/13 22:09:52.141, NVIDIA GeForce RTX 5090, 32607, 12951, 9
2026/08/13 22:09:53.217, NVIDIA GeForce RTX 5090, 32607, 12951, 14
2026/08/13 22:09:54.254, NVIDIA GeForce RTX 5090, 32607, 12951, 10
2026/08/13 22:09:55.291, NVIDIA GeForce RTX 5090, 32607, 12951, 10
2026/08/13 22:09:56.351, NVIDIA GeForce RTX 5090, 32607, 12951, 33
2026/08/13 22:09:57.448, NVIDIA GeForce RTX 5090, 32607, 12951, 9
2026/08/13 22:09:58.487, NVIDIA GeForce RTX 5090, 32607, 12951, 59
2026/08/13 22:09:59.561, NVIDIA GeForce RTX 5090, 32607, 12951, 14
2026/08/13 22:10:00.641, NVIDIA GeForce RTX 5090, 32607, 12951, 14
2026/08/13 22:10:01.703, NVIDIA GeForce RTX 5090, 32607, 12951, 9
2026/08/13 22:10:02.800, NVIDIA GeForce RTX 5090, 32607, 12951, 12
2026/08/13 22:10:03.838, NVIDIA GeForce RTX 5090, 32607, 12951, 14
2026/08/13 22:10:04.895, NVIDIA GeForce RTX 5090, 32607, 12951, 13
2026/08/13 22:10:05.950, NVIDIA GeForce RTX 5090, 32607, 12951, 8
2026/08/13 22:10:07.012, NVIDIA GeForce RTX 5090, 32607, 12951, 9
2026/08/13 22:10:08.097, NVIDIA GeForce RTX 5090, 32607, 12951, 14
2026/08/13 22:10:09.201, NVIDIA GeForce RTX 5090, 32607, 12951, 9
2026/08/13 22:10:10.230, NVIDIA GeForce RTX 5090, 32607, 12951, 18
2026/08/13 22:10:11.285, NVIDIA GeForce RTX 5090, 32607, 12951, 10
2026/08/13 22:10:12.357, NVIDIA GeForce RTX 5090, 32607, 12951, 14
2026/08/13 22:10:13.437, NVIDIA GeForce RTX 5090, 32607, 12951, 6
2026/08/13 22:10:14.503, NVIDIA GeForce RTX 5090, 32607, 12951, 9
2026/08/13 22:10:15.543, NVIDIA GeForce RTX 5090, 32607, 12951, 21
2026/08/13 22:10:16.616, NVIDIA GeForce RTX 5090, 32607, 12951, 9
2026/08/13 22:10:17.653, NVIDIA GeForce RTX 5090, 32607, 12951, 13
2026/08/13 22:10:18.690, NVIDIA GeForce RTX 5090, 32607, 12951, 11
2026/08/13 22:10:19.748, NVIDIA GeForce RTX 5090, 32607, 12951, 9
2026/08/13 22:10:20.786, NVIDIA GeForce RTX 5090, 32607, 12951, 19
2026/08/13 22:10:21.846, NVIDIA GeForce RTX 5090, 32607, 12951, 9
2026/08/13 22:10:22.906, NVIDIA GeForce RTX 5090, 32607, 12951, 21
2026/08/13 22:10:23.963, NVIDIA GeForce RTX 5090, 32607, 12951, 12
2026/08/13 22:10:25.086, NVIDIA GeForce RTX 5090, 32607, 12951, 17
2026/08/13 22:10:26.221, NVIDIA GeForce RTX 5090, 32607, 12951, 13
2026/08/13 22:10:27.279, NVIDIA GeForce RTX 5090, 32607, 12951, 9
2026/08/13 22:10:28.352, NVIDIA GeForce RTX 5090, 32607, 12951, 14
2026/08/13 22:10:29.433, NVIDIA GeForce RTX 5090, 32607, 12951, 9
2026/08/13 22:10:30.493, NVIDIA GeForce RTX 5090, 32607, 12953, 0
2026/08/13 22:10:31.547, NVIDIA GeForce RTX 5090, 32607, 12951, 9
2026/08/13 22:10:32.587, NVIDIA GeForce RTX 5090, 32607, 12951, 47
2026/08/13 22:10:33.624, NVIDIA GeForce RTX 5090, 32607, 12951, 9
2026/08/13 22:10:34.682, NVIDIA GeForce RTX 5090, 32607, 12951, 10
2026/08/13 22:10:35.720, NVIDIA GeForce RTX 5090, 32607, 12951, 9
2026/08/13 22:10:36.777, NVIDIA GeForce RTX 5090, 32607, 12951, 9
2026/08/13 22:10:37.815, NVIDIA GeForce RTX 5090, 32607, 12951, 6
2026/08/13 22:10:38.851, NVIDIA GeForce RTX 5090, 32607, 12951, 13
2026/08/13 22:10:39.905, NVIDIA GeForce RTX 5090, 32607, 12951, 66
2026/08/13 22:10:40.985, NVIDIA GeForce RTX 5090, 32607, 12951, 16
2026/08/13 22:10:42.023, NVIDIA GeForce RTX 5090, 32607, 12951, 17
2026/08/13 22:10:43.106, NVIDIA GeForce RTX 5090, 32607, 12951, 9
2026/08/13 22:10:44.163, NVIDIA GeForce RTX 5090, 32607, 12951, 13
2026/08/13 22:10:45.204, NVIDIA GeForce RTX 5090, 32607, 12951, 0
2026/08/13 22:10:46.238, NVIDIA GeForce RTX 5090, 32607, 12951, 9
2026/08/13 22:10:47.275, NVIDIA GeForce RTX 5090, 32607, 12951, 32
2026/08/13 22:10:48.354, NVIDIA GeForce RTX 5090, 32607, 12951, 9
2026/08/13 22:10:49.407, NVIDIA GeForce RTX 5090, 32607, 12951, 20
2026/08/13 22:10:50.445, NVIDIA GeForce RTX 5090, 32607, 12951, 5
2026/08/13 22:10:51.533, NVIDIA GeForce RTX 5090, 32607, 12951, 10
2026/08/13 22:10:52.609, NVIDIA GeForce RTX 5090, 32607, 12954, 7
2026/08/13 22:10:53.669, NVIDIA GeForce RTX 5090, 32607, 12951, 9
2026/08/13 22:10:54.727, NVIDIA GeForce RTX 5090, 32607, 12951, 14
2026/08/13 22:10:55.765, NVIDIA GeForce RTX 5090, 32607, 12951, 9
2026/08/13 22:10:56.824, NVIDIA GeForce RTX 5090, 32607, 12951, 9
2026/08/13 22:10:57.879, NVIDIA GeForce RTX 5090, 32607, 12951, 10
2026/08/13 22:10:58.957, NVIDIA GeForce RTX 5090, 32607, 12951, 9
2026/08/13 22:10:59.992, NVIDIA GeForce RTX 5090, 32607, 12954, 8
2026/08/13 22:11:01.052, NVIDIA GeForce RTX 5090, 32607, 12951, 9
2026/08/13 22:11:02.091, NVIDIA GeForce RTX 5090, 32607, 12951, 30
2026/08/13 22:11:03.185, NVIDIA GeForce RTX 5090, 32607, 12951, 9
2026/08/13 22:11:04.281, NVIDIA GeForce RTX 5090, 32607, 12951, 21
2026/08/13 22:11:05.356, NVIDIA GeForce RTX 5090, 32607, 12951, 10
2026/08/13 22:11:06.457, NVIDIA GeForce RTX 5090, 32607, 12952, 23
2026/08/13 22:11:07.533, NVIDIA GeForce RTX 5090, 32607, 12951, 10
2026/08/13 22:11:08.587, NVIDIA GeForce RTX 5090, 32607, 12951, 15
2026/08/13 22:11:09.640, NVIDIA GeForce RTX 5090, 32607, 12954, 4
2026/08/13 22:11:10.678, NVIDIA GeForce RTX 5090, 32607, 12951, 9
2026/08/13 22:11:11.716, NVIDIA GeForce RTX 5090, 32607, 12951, 59
2026/08/13 22:11:12.750, NVIDIA GeForce RTX 5090, 32607, 12951, 9
2026/08/13 22:11:13.811, NVIDIA GeForce RTX 5090, 32607, 12951, 21
2026/08/13 22:11:14.848, NVIDIA GeForce RTX 5090, 32607, 12951, 9
2026/08/13 22:11:15.884, NVIDIA GeForce RTX 5090, 32607, 12951, 9
2026/08/13 22:11:16.939, NVIDIA GeForce RTX 5090, 32607, 12951, 10
2026/08/13 22:11:17.995, NVIDIA GeForce RTX 5090, 32607, 12951, 10
2026/08/13 22:11:19.060, NVIDIA GeForce RTX 5090, 32607, 12951, 62
2026/08/13 22:11:20.132, NVIDIA GeForce RTX 5090, 32607, 12951, 13
2026/08/13 22:11:21.168, NVIDIA GeForce RTX 5090, 32607, 12948, 14
2026/08/13 22:11:22.229, NVIDIA GeForce RTX 5090, 32607, 12951, 9
2026/08/13 22:11:23.266, NVIDIA GeForce RTX 5090, 32607, 12951, 9
2026/08/13 22:11:24.344, NVIDIA GeForce RTX 5090, 32607, 12951, 14
2026/08/13 22:11:25.444, NVIDIA GeForce RTX 5090, 32607, 12951, 10
2026/08/13 22:11:26.504, NVIDIA GeForce RTX 5090, 32607, 12951, 21
2026/08/13 22:11:27.565, NVIDIA GeForce RTX 5090, 32607, 12951, 9
2026/08/13 22:11:28.670, NVIDIA GeForce RTX 5090, 32607, 12951, 10
2026/08/13 22:11:29.729, NVIDIA GeForce RTX 5090, 32607, 12951, 18
2026/08/13 22:11:30.789, NVIDIA GeForce RTX 5090, 32607, 12951, 9
2026/08/13 22:11:31.893, NVIDIA GeForce RTX 5090, 32607, 12951, 3
2026/08/13 22:11:32.931, NVIDIA GeForce RTX 5090, 32607, 12951, 9
2026/08/13 22:11:33.967, NVIDIA GeForce RTX 5090, 32607, 12951, 36
2026/08/13 22:11:35.023, NVIDIA GeForce RTX 5090, 32607, 12951, 18
2026/08/13 22:11:36.138, NVIDIA GeForce RTX 5090, 32607, 12951, 10
2026/08/13 22:11:37.175, NVIDIA GeForce RTX 5090, 32607, 12951, 10
2026/08/13 22:11:38.231, NVIDIA GeForce RTX 5090, 32607, 12951, 9
2026/08/13 22:11:39.291, NVIDIA GeForce RTX 5090, 32607, 12951, 8
2026/08/13 22:11:40.351, NVIDIA GeForce RTX 5090, 32607, 12951, 18
2026/08/13 22:11:41.423, NVIDIA GeForce RTX 5090, 32607, 12951, 6
2026/08/13 22:11:42.459, NVIDIA GeForce RTX 5090, 32607, 12951, 9
2026/08/13 22:11:43.496, NVIDIA GeForce RTX 5090, 32607, 12951, 12
2026/08/13 22:11:44.588, NVIDIA GeForce RTX 5090, 32607, 12951, 10
2026/08/13 22:11:45.628, NVIDIA GeForce RTX 5090, 32607, 12951, 10
2026/08/13 22:11:46.725, NVIDIA GeForce RTX 5090, 32607, 12951, 9
2026/08/13 22:11:47.785, NVIDIA GeForce RTX 5090, 32607, 12951, 9
2026/08/13 22:11:48.824, NVIDIA GeForce RTX 5090, 32607, 12952, 5
2026/08/13 22:11:49.863, NVIDIA GeForce RTX 5090, 32607, 12951, 14
2026/08/13 22:11:50.900, NVIDIA GeForce RTX 5090, 32607, 12951, 19
2026/08/13 22:11:51.953, NVIDIA GeForce RTX 5090, 32607, 12951, 10
2026/08/13 22:11:53.031, NVIDIA GeForce RTX 5090, 32607, 12951, 9
2026/08/13 22:11:54.128, NVIDIA GeForce RTX 5090, 32607, 12951, 14
2026/08/13 22:11:55.187, NVIDIA GeForce RTX 5090, 32607, 12951, 17
2026/08/13 22:11:56.268, NVIDIA GeForce RTX 5090, 32607, 12951, 10
2026/08/13 22:11:57.369, NVIDIA GeForce RTX 5090, 32607, 12951, 14
2026/08/13 22:11:58.407, NVIDIA GeForce RTX 5090, 32607, 12951, 9
2026/08/13 22:11:59.443, NVIDIA GeForce RTX 5090, 32607, 12951, 9
2026/08/13 22:12:00.502, NVIDIA GeForce RTX 5090, 32607, 12951, 20
2026/08/13 22:12:01.563, NVIDIA GeForce RTX 5090, 32607, 12951, 10
2026/08/13 22:12:02.643, NVIDIA GeForce RTX 5090, 32607, 12951, 11
2026/08/13 22:12:03.681, NVIDIA GeForce RTX 5090, 32607, 12951, 16
2026/08/13 22:12:04.718, NVIDIA GeForce RTX 5090, 32607, 12951, 14
2026/08/13 22:12:05.748, NVIDIA GeForce RTX 5090, 32607, 12951, 33
2026/08/13 22:12:06.793, NVIDIA GeForce RTX 5090, 32607, 12951, 15
2026/08/13 22:12:07.829, NVIDIA GeForce RTX 5090, 32607, 12951, 20
2026/08/13 22:12:08.885, NVIDIA GeForce RTX 5090, 32607, 12951, 10
2026/08/13 22:12:09.943, NVIDIA GeForce RTX 5090, 32607, 12951, 14
2026/08/13 22:12:10.999, NVIDIA GeForce RTX 5090, 32607, 12951, 10
2026/08/13 22:12:12.088, NVIDIA GeForce RTX 5090, 32607, 12951, 9
2026/08/13 22:12:13.144, NVIDIA GeForce RTX 5090, 32607, 12954, 0
2026/08/13 22:12:14.217, NVIDIA GeForce RTX 5090, 32607, 12951, 9
2026/08/13 22:12:15.254, NVIDIA GeForce RTX 5090, 32607, 12951, 18
2026/08/13 22:12:16.335, NVIDIA GeForce RTX 5090, 32607, 12951, 9
2026/08/13 22:12:17.388, NVIDIA GeForce RTX 5090, 32607, 12951, 21
2026/08/13 22:12:18.464, NVIDIA GeForce RTX 5090, 32607, 12951, 10
2026/08/13 22:12:19.533, NVIDIA GeForce RTX 5090, 32607, 12951, 14
2026/08/13 22:12:20.614, NVIDIA GeForce RTX 5090, 32607, 12951, 9
2026/08/13 22:12:21.704, NVIDIA GeForce RTX 5090, 32607, 12951, 10
2026/08/13 22:12:22.759, NVIDIA GeForce RTX 5090, 32607, 12954, 7
2026/08/13 22:12:23.834, NVIDIA GeForce RTX 5090, 32607, 12951, 9
2026/08/13 22:12:24.887, NVIDIA GeForce RTX 5090, 32607, 12951, 32
2026/08/13 22:12:25.943, NVIDIA GeForce RTX 5090, 32607, 12951, 13
2026/08/13 22:12:26.997, NVIDIA GeForce RTX 5090, 32607, 12951, 22
2026/08/13 22:12:28.051, NVIDIA GeForce RTX 5090, 32607, 12951, 14
2026/08/13 22:12:29.124, NVIDIA GeForce RTX 5090, 32607, 12951, 9
2026/08/13 22:12:30.163, NVIDIA GeForce RTX 5090, 32607, 12951, 9
2026/08/13 22:12:31.219, NVIDIA GeForce RTX 5090, 32607, 12951, 9
2026/08/13 22:12:32.298, NVIDIA GeForce RTX 5090, 32607, 12953, 0
2026/08/13 22:12:33.357, NVIDIA GeForce RTX 5090, 32607, 12951, 14
2026/08/13 22:12:34.441, NVIDIA GeForce RTX 5090, 32607, 12827, 21
2026/08/13 22:12:35.538, NVIDIA GeForce RTX 5090, 32607, 10030, 1
2026/08/13 22:12:36.759, NVIDIA GeForce RTX 5090, 32607, 0, 0
2026/08/13 22:12:37.865, NVIDIA GeForce RTX 5090, 32607, 0, 0
