timestamp_utc,index,name,memory_used_mib,memory_total_mib,utilization_gpu_percent,power_draw_watts,temperature_c
2026-08-11T04:57:25Z,0, NVIDIA RTX 6000D, 0, 85651, 0, 30.96, 31
2026-08-11T04:57:26Z,0, NVIDIA RTX 6000D, 0, 85651, 0, 30.67, 31
2026-08-11T04:57:28Z,0, NVIDIA RTX 6000D, 0, 85651, 0, 30.47, 31
2026-08-11T04:57:29Z,0, NVIDIA RTX 6000D, 0, 85651, 0, 30.46, 31
2026-08-11T04:57:30Z,0, NVIDIA RTX 6000D, 0, 85651, 0, 30.71, 31
2026-08-11T04:57:31Z,0, NVIDIA RTX 6000D, 3, 85651, 0, 32.51, 31
2026-08-11T04:57:32Z,0, NVIDIA RTX 6000D, 3, 85651, 0, 32.41, 31
2026-08-11T04:57:33Z,0, NVIDIA RTX 6000D, 3, 85651, 0, 29.48, 31
2026-08-11T04:57:34Z,0, NVIDIA RTX 6000D, 3, 85651, 0, 29.67, 31
2026-08-11T04:57:35Z,0, NVIDIA RTX 6000D, 3, 85651, 0, 32.41, 31
2026-08-11T04:57:36Z,0, NVIDIA RTX 6000D, 3, 85651, 0, 29.89, 31
2026-08-11T04:57:38Z,0, NVIDIA RTX 6000D, 3, 85651, 0, 30.37, 31
2026-08-11T04:57:39Z,0, NVIDIA RTX 6000D, 3, 85651, 0, 29.98, 31
2026-08-11T04:57:40Z,0, NVIDIA RTX 6000D, 3, 85651, 0, 30.47, 31
2026-08-11T04:57:41Z,0, NVIDIA RTX 6000D, 3, 85651, 0, 29.89, 31
2026-08-11T04:57:42Z,0, NVIDIA RTX 6000D, 3, 85651, 0, 30.17, 31
2026-08-11T04:57:43Z,0, NVIDIA RTX 6000D, 3, 85651, 0, 30.88, 31
2026-08-11T04:57:44Z,0, NVIDIA RTX 6000D, 3, 85651, 0, 30.37, 31
2026-08-11T04:57:45Z,0, NVIDIA RTX 6000D, 3, 85651, 0, 30.37, 31
2026-08-11T04:57:47Z,0, NVIDIA RTX 6000D, 3, 85651, 0, 30.96, 31
2026-08-11T04:57:48Z,0, NVIDIA RTX 6000D, 3, 85651, 0, 30.23, 31
2026-08-11T04:57:49Z,0, NVIDIA RTX 6000D, 3, 85651, 0, 30.38, 31
2026-08-11T04:57:50Z,0, NVIDIA RTX 6000D, 3, 85651, 0, 30.45, 31
2026-08-11T04:57:51Z,0, NVIDIA RTX 6000D, 3, 85651, 0, 30.38, 31
2026-08-11T04:57:52Z,0, NVIDIA RTX 6000D, 3, 85651, 0, 30.13, 31
2026-08-11T04:57:53Z,0, NVIDIA RTX 6000D, 3, 85651, 0, 30.18, 31
2026-08-11T04:57:54Z,0, NVIDIA RTX 6000D, 3, 85651, 0, 30.42, 31
2026-08-11T04:57:55Z,0, NVIDIA RTX 6000D, 3, 85651, 0, 30.47, 31
2026-08-11T04:57:57Z,0, NVIDIA RTX 6000D, 3, 85651, 0, 30.17, 31
2026-08-11T04:57:58Z,0, NVIDIA RTX 6000D, 3, 85651, 0, 30.96, 31
2026-08-11T04:57:59Z,0, NVIDIA RTX 6000D, 3, 85651, 0, 30.71, 31
2026-08-11T04:58:00Z,0, NVIDIA RTX 6000D, 3, 85651, 0, 30.94, 31
2026-08-11T04:58:01Z,0, NVIDIA RTX 6000D, 3, 85651, 0, 30.70, 31
2026-08-11T04:58:02Z,0, NVIDIA RTX 6000D, 3, 85651, 0, 30.17, 31
2026-08-11T04:58:03Z,0, NVIDIA RTX 6000D, 3, 85651, 0, 30.47, 31
2026-08-11T04:58:05Z,0, NVIDIA RTX 6000D, 3, 85651, 0, 30.41, 31
2026-08-11T04:58:06Z,0, NVIDIA RTX 6000D, 3, 85651, 0, 30.37, 31
2026-08-11T04:58:07Z,0, NVIDIA RTX 6000D, 3, 85651, 0, 30.37, 31
2026-08-11T04:58:08Z,0, NVIDIA RTX 6000D, 3, 85651, 0, 30.38, 31
2026-08-11T04:58:09Z,0, NVIDIA RTX 6000D, 3, 85651, 0, 30.13, 31
2026-08-11T04:58:10Z,0, NVIDIA RTX 6000D, 3, 85651, 0, 30.37, 31
2026-08-11T04:58:11Z,0, NVIDIA RTX 6000D, 3, 85651, 0, 30.17, 31
2026-08-11T04:58:12Z,0, NVIDIA RTX 6000D, 3, 85651, 0, 30.47, 31
2026-08-11T04:58:14Z,0, NVIDIA RTX 6000D, 3, 85651, 0, 30.42, 31
2026-08-11T04:58:15Z,0, NVIDIA RTX 6000D, 3, 85651, 0, 29.98, 31
2026-08-11T04:58:16Z,0, NVIDIA RTX 6000D, 3, 85651, 0, 30.22, 31
2026-08-11T04:58:17Z,0, NVIDIA RTX 6000D, 3, 85651, 0, 30.45, 31
2026-08-11T04:58:18Z,0, NVIDIA RTX 6000D, 3, 85651, 0, 30.65, 31
2026-08-11T04:58:19Z,0, NVIDIA RTX 6000D, 3, 85651, 0, 30.36, 31
2026-08-11T04:58:20Z,0, NVIDIA RTX 6000D, 3, 85651, 0, 30.37, 31
2026-08-11T04:58:21Z,0, NVIDIA RTX 6000D, 3, 85651, 0, 30.36, 31
2026-08-11T04:58:22Z,0, NVIDIA RTX 6000D, 3, 85651, 0, 30.35, 31
2026-08-11T04:58:24Z,0, NVIDIA RTX 6000D, 3, 85651, 0, 29.87, 31
2026-08-11T04:58:25Z,0, NVIDIA RTX 6000D, 3, 85651, 0, 30.12, 31
2026-08-11T04:58:26Z,0, NVIDIA RTX 6000D, 3, 85651, 0, 30.47, 31
2026-08-11T04:58:27Z,0, NVIDIA RTX 6000D, 3, 85651, 0, 29.87, 31
2026-08-11T04:58:28Z,0, NVIDIA RTX 6000D, 3, 85651, 0, 29.92, 31
2026-08-11T04:58:29Z,0, NVIDIA RTX 6000D, 3, 85651, 0, 30.22, 31
2026-08-11T04:58:30Z,0, NVIDIA RTX 6000D, 3, 85651, 0, 30.42, 31
2026-08-11T04:58:31Z,0, NVIDIA RTX 6000D, 3, 85651, 0, 30.47, 31
2026-08-11T04:58:32Z,0, NVIDIA RTX 6000D, 3, 85651, 0, 30.96, 31
2026-08-11T04:58:33Z,0, NVIDIA RTX 6000D, 3, 85651, 0, 30.45, 31
2026-08-11T04:58:35Z,0, NVIDIA RTX 6000D, 3, 85651, 0, 30.47, 31
2026-08-11T04:58:36Z,0, NVIDIA RTX 6000D, 3, 85651, 0, 30.94, 31
2026-08-11T04:58:37Z,0, NVIDIA RTX 6000D, 3, 85651, 0, 30.70, 31
2026-08-11T04:58:38Z,0, NVIDIA RTX 6000D, 3, 85651, 0, 30.45, 31
2026-08-11T04:58:39Z,0, NVIDIA RTX 6000D, 3, 85651, 0, 29.87, 31
2026-08-11T04:58:40Z,0, NVIDIA RTX 6000D, 3, 85651, 0, 29.87, 31
2026-08-11T04:58:41Z,0, NVIDIA RTX 6000D, 3, 85651, 0, 30.37, 31
2026-08-11T04:58:42Z,0, NVIDIA RTX 6000D, 3, 85651, 0, 30.47, 31
2026-08-11T04:58:43Z,0, NVIDIA RTX 6000D, 3, 85651, 0, 29.97, 31
2026-08-11T04:58:45Z,0, NVIDIA RTX 6000D, 3, 85651, 0, 30.37, 31
2026-08-11T04:58:46Z,0, NVIDIA RTX 6000D, 3, 85651, 0, 30.37, 31
2026-08-11T04:58:47Z,0, NVIDIA RTX 6000D, 3, 85651, 0, 30.97, 31
2026-08-11T04:58:48Z,0, NVIDIA RTX 6000D, 3, 85651, 0, 31.43, 31
2026-08-11T04:58:49Z,0, NVIDIA RTX 6000D, 3, 85651, 0, 30.66, 31
2026-08-11T04:58:50Z,0, NVIDIA RTX 6000D, 3, 85651, 0, 29.89, 31
2026-08-11T04:58:51Z,0, NVIDIA RTX 6000D, 3, 85651, 0, 30.38, 31
2026-08-11T04:58:52Z,0, NVIDIA RTX 6000D, 3, 85651, 0, 30.37, 31
2026-08-11T04:58:53Z,0, NVIDIA RTX 6000D, 3, 85651, 0, 29.89, 31
2026-08-11T04:58:54Z,0, NVIDIA RTX 6000D, 3, 85651, 0, 30.19, 31
2026-08-11T04:58:56Z,0, NVIDIA RTX 6000D, 3, 85651, 0, 30.38, 31
2026-08-11T04:58:57Z,0, NVIDIA RTX 6000D, 3, 85651, 0, 30.38, 31
2026-08-11T04:58:58Z,0, NVIDIA RTX 6000D, 3, 85651, 0, 29.97, 31
2026-08-11T04:58:59Z,0, NVIDIA RTX 6000D, 3, 85651, 0, 29.89, 32
2026-08-11T04:59:00Z,0, NVIDIA RTX 6000D, 3, 85651, 0, 29.93, 32
2026-08-11T04:59:01Z,0, NVIDIA RTX 6000D, 3, 85651, 0, 30.47, 32
2026-08-11T04:59:02Z,0, NVIDIA RTX 6000D, 3, 85651, 0, 30.42, 32
2026-08-11T04:59:03Z,0, NVIDIA RTX 6000D, 3, 85651, 0, 31.45, 32
2026-08-11T04:59:04Z,0, NVIDIA RTX 6000D, 3, 85651, 0, 31.20, 32
2026-08-11T04:59:06Z,0, NVIDIA RTX 6000D, 3, 85651, 0, 30.37, 32
2026-08-11T04:59:08Z,0, NVIDIA RTX 6000D, 3, 85651, 0, 30.46, 32
2026-08-11T04:59:09Z,0, NVIDIA RTX 6000D, 6529, 85651, 7, 76.24, 33
2026-08-11T04:59:10Z,0, NVIDIA RTX 6000D, 9619, 85651, 0, 82.22, 33
2026-08-11T04:59:11Z,0, NVIDIA RTX 6000D, 9619, 85651, 3, 82.39, 34
2026-08-11T04:59:12Z,0, NVIDIA RTX 6000D, 9619, 85651, 3, 81.15, 34
2026-08-11T04:59:13Z,0, NVIDIA RTX 6000D, 9619, 85651, 3, 81.21, 34
2026-08-11T04:59:15Z,0, NVIDIA RTX 6000D, 9619, 85651, 2, 81.81, 34
2026-08-11T04:59:16Z,0, NVIDIA RTX 6000D, 9619, 85651, 0, 81.12, 34
2026-08-11T04:59:17Z,0, NVIDIA RTX 6000D, 9619, 85651, 0, 81.00, 34
2026-08-11T04:59:18Z,0, NVIDIA RTX 6000D, 9619, 85651, 0, 81.01, 34
2026-08-11T04:59:19Z,0, NVIDIA RTX 6000D, 9619, 85651, 0, 81.00, 34
2026-08-11T04:59:20Z,0, NVIDIA RTX 6000D, 9619, 85651, 0, 80.98, 34
2026-08-11T04:59:21Z,0, NVIDIA RTX 6000D, 13915, 85651, 4, 136.11, 36
2026-08-11T04:59:22Z,0, NVIDIA RTX 6000D, 13919, 85651, 99, 273.10, 43
2026-08-11T04:59:23Z,0, NVIDIA RTX 6000D, 13919, 85651, 67, 275.80, 42
2026-08-11T04:59:24Z,0, NVIDIA RTX 6000D, 13919, 85651, 79, 275.61, 42
2026-08-11T04:59:25Z,0, NVIDIA RTX 6000D, 13919, 85651, 73, 257.82, 42
2026-08-11T04:59:26Z,0, NVIDIA RTX 6000D, 13919, 85651, 13, 101.22, 37
2026-08-11T04:59:28Z,0, NVIDIA RTX 6000D, 13919, 85651, 7, 84.69, 37
2026-08-11T04:59:29Z,0, NVIDIA RTX 6000D, 13919, 85651, 7, 84.61, 37
2026-08-11T04:59:30Z,0, NVIDIA RTX 6000D, 13919, 85651, 0, 84.76, 37
2026-08-11T04:59:31Z,0, NVIDIA RTX 6000D, 13919, 85651, 0, 83.12, 37
2026-08-11T04:59:32Z,0, NVIDIA RTX 6000D, 13919, 85651, 0, 82.25, 37
2026-08-11T04:59:33Z,0, NVIDIA RTX 6000D, 13919, 85651, 0, 82.03, 37
2026-08-11T04:59:34Z,0, NVIDIA RTX 6000D, 13919, 85651, 0, 82.07, 37
2026-08-11T04:59:35Z,0, NVIDIA RTX 6000D, 13919, 85651, 0, 82.95, 37
2026-08-11T04:59:36Z,0, NVIDIA RTX 6000D, 13919, 85651, 0, 83.85, 37
2026-08-11T04:59:37Z,0, NVIDIA RTX 6000D, 13919, 85651, 0, 82.86, 37
2026-08-11T04:59:38Z,0, NVIDIA RTX 6000D, 13919, 85651, 0, 81.68, 37
2026-08-11T04:59:39Z,0, NVIDIA RTX 6000D, 13919, 85651, 0, 81.99, 37
2026-08-11T04:59:41Z,0, NVIDIA RTX 6000D, 13919, 85651, 0, 82.01, 37
2026-08-11T04:59:42Z,0, NVIDIA RTX 6000D, 13919, 85651, 0, 81.99, 37
2026-08-11T04:59:43Z,0, NVIDIA RTX 6000D, 13919, 85651, 0, 82.60, 37
